{"cameraMode":{"drawMode":0,"name":"Shaded","section":"Shading Mode"},"sceneLighting":true,"audioPlay":false,"sceneViewState":{"showFog":true,"showMaterialUpdate":false,"showSkybox":true,"showFlares":true,"showImageEffects":true,"showParticleSystems":true},"in2DMode":false,"pivot":{"x":-11.45323657989502,"y":-1.5455328226089478,"z":15.988245010375977},"rotation":{"x":0.10122905671596527,"y":0.2125919610261917,"z":-0.022148557007312776,"w":0.9716309905052185},"size":15.143255233764649,"orthographic":false}