{"cameraMode":{"drawMode":0,"name":"Shaded","section":"Shading Mode"},"sceneLighting":true,"audioPlay":false,"sceneViewState":{"showFog":true,"showMaterialUpdate":false,"showSkybox":true,"showFlares":true,"showImageEffects":true,"showParticleSystems":true},"in2DMode":false,"pivot":{"x":-1.559999942779541,"y":0.11999988555908203,"z":7.320000171661377},"rotation":{"x":-0.14903512597084046,"y":0.28539642691612246,"z":-0.044977158308029178,"w":-0.9456820487976074},"size":21.48478126525879,"orthographic":false}